[
    {
        "pk": 1, 
        "model": "letsplay.category", 
        "fields": {
            "name": "Animals"
        }
    }, 
    {
        "pk": 3, 
        "model": "letsplay.category", 
        "fields": {
            "name": "Colouring"
        }
    }, 
    {
        "pk": 4, 
        "model": "letsplay.category", 
        "fields": {
            "name": "Reading"
        }
    }, 
    {
        "pk": 5, 
        "model": "letsplay.category", 
        "fields": {
            "name": "Music"
        }
    }, 
    {
        "pk": 6, 
        "model": "letsplay.category", 
        "fields": {
            "name": "Dolls"
        }
    }, 
    {
        "pk": 7, 
        "model": "letsplay.category", 
        "fields": {
            "name": "Dress Up"
        }
    }, 
    {
        "pk": 8, 
        "model": "letsplay.category", 
        "fields": {
            "name": "Cars"
        }
    }, 
    {
        "pk": 9, 
        "model": "letsplay.category", 
        "fields": {
            "name": "Pirates"
        }
    }, 
    {
        "pk": 10, 
        "model": "letsplay.category", 
        "fields": {
            "name": "Dinosaurs"
        }
    }, 
    {
        "pk": 11, 
        "model": "letsplay.category", 
        "fields": {
            "name": "Learning"
        }
    }, 
    {
        "pk": 12, 
        "model": "letsplay.category", 
        "fields": {
            "name": "Sports"
        }
    }, 
    {
        "pk": 1, 
        "model": "letsplay.agegroup", 
        "fields": {
            "age": "0-2"
        }
    }, 
    {
        "pk": 2, 
        "model": "letsplay.agegroup", 
        "fields": {
            "age": "3-4"
        }
    }, 
    {
        "pk": 3, 
        "model": "letsplay.agegroup", 
        "fields": {
            "age": "5-7"
        }
    }, 
    {
        "pk": 4, 
        "model": "letsplay.agegroup", 
        "fields": {
            "age": "8-10"
        }
    }, 
    {
        "pk": 5, 
        "model": "letsplay.agegroup", 
        "fields": {
            "age": "All"
        }
    }, 
    {
        "pk": 1, 
        "model": "letsplay.content", 
        "fields": {
            "category": [
                1, 
                7
            ], 
            "name": "Angel Cat Dress Up", 
            "screenShot": "static/content/thumbnails/DressUpCatGame.jpg", 
            "sex": "Female", 
            "content_type": "Game", 
            "audio": "static/content/sounds/catdressup.wav", 
            "embedCode": "<object width=\"700\" height=\"525\"><param name=\"movie\" value=\"http://cdn.publishers.spilgames.com/mirror/flash/a/Angel%20Cat%20Dress%20Up.swf\"></param><embed src=\"http://cdn.publishers.spilgames.com/mirror/flash/a/Angel%20Cat%20Dress%20Up.swf\" type=\"application/x-shockwave-flash\" width=\"700\" height=\"525\"></embed></object>", 
            "ageGroup": 3
        }
    }, 
    {
        "pk": 2, 
        "model": "letsplay.content", 
        "fields": {
            "category": [
                1, 
                11
            ], 
            "name": "Count the Sheep", 
            "screenShot": "static/content/thumbnails/CountTheSheep.png", 
            "sex": "No preference", 
            "content_type": "Game", 
            "audio": "static/content/sounds/countsheep.wav", 
            "embedCode": "<embed src=\"http://games.mochiads.com/c/g/count-the-sheep_v193670/countsheep_e.swf\" menu=\"false\" quality=\"high\" width=\"600\" height=\"400\" type=\"application/x-shockwave-flash\" pluginspage=\"http://www.macromedia.com/go/getflashplayer\" />", 
            "ageGroup": 1
        }
    }, 
    {
        "pk": 3, 
        "model": "letsplay.content", 
        "fields": {
            "category": [
                11
            ], 
            "name": "Memory Sequence", 
            "screenShot": "static/content/thumbnails/MemorySequence.png", 
            "sex": "N/A", 
            "content_type": "Game", 
            "audio": "static/content/sounds/memorysequence.wav", 
            "embedCode": "<embed src=\"http://games.mochiads.com/c/g/memory-iv_v654507/memory4.swf\" menu=\"false\" quality=\"high\" width=\"600\" height=\"400\" type=\"application/x-shockwave-flash\" pluginspage=\"http://www.macromedia.com/go/getflashplayer\" />", 
            "ageGroup": 3
        }
    }, 
    {
        "pk": 4, 
        "model": "letsplay.content", 
        "fields": {
            "category": [
                11
            ], 
            "name": "Memory Position", 
            "screenShot": "static/content/thumbnails/MemoryPosition.png", 
            "sex": "N/A", 
            "content_type": "Game", 
            "audio": "static/content/sounds/memoryposition.wav", 
            "embedCode": "v_v528060/memory5.swf\" menu=\"false\" quality=\"high\" width=\"600\" height=\"400\" type=\"application/x-shockwave-flash\" pluginspage=\"http://www.macromedia.com/go/getflashplayer\" />", 
            "ageGroup": 4
        }
    }, 
    {
        "pk": 5, 
        "model": "letsplay.content", 
        "fields": {
            "category": [
                8
            ], 
            "name": "Muscle Cars", 
            "screenShot": "static/content/thumbnails/musclecars_250x200_site.png.jpg", 
            "sex": "Male", 
            "content_type": "Game", 
            "audio": "static/content/sounds/musclecars.wav", 
            "embedCode": "<embed width=\"640\" height=\"360\" base=\"http://external.kongregate-games.com/gamez/0015/6422/live/\" src=\"http://external.kongregate-games.com/gamez/0015/6422/live/embeddable_156422.swf\" type=\"application/x-shockwave-flash\"></embed><br/>Play free games at <a href=\"http://www.kongregate.com/\">Kongregate</a>", 
            "ageGroup": 3
        }
    }, 
    {
        "pk": 6, 
        "model": "letsplay.content", 
        "fields": {
            "category": [
                1
            ], 
            "name": "What do they eat?", 
            "screenShot": "static/content/thumbnails/WhatDoTheyEat.jpg", 
            "sex": "No preference", 
            "content_type": "Game", 
            "audio": "static/content/sounds/whattheyeat.wav", 
            "embedCode": "<object width=\"640\" height=\"480\"><param name=\"movie\" value=\"http://www.fupa.com/swf/kids-games-what-do-they-eat/whatdotheyeat_mochi_1_0_2.swf\"></param><embed src=\"http://www.fupa.com/swf/kids-games-what-do-they-eat/whatdotheyeat_mochi_1_0_2.swf\" type=\"application/x-shockwave-flash\" width=\"640\" height=\"480\"><a href=\"http://www.fupa.com/\">Find more free online flash games at Fupa.com</a></embed></object><br/><table border=0 cellspacing=0 cellpadding=0 style=\"width:640px; background: #D7D7D7 url(http://cdn.fupa.com/images/fb_bg.png);\"><tr><td><div style=\"float:left;\"><a href=\"http://www.fupa.com/\" target=_blank><img src=\"http://cdn.fupa.com/images/fb_logo.png\" border=0></a></div><div style=\"float:right;\"><a href=\"http://www.fupa.com/share.aspx?g=kids-games-what-do-they-eat\"><img src=\"http://cdn.fupa.com/images/fb_share.png\" border=0></a></div><div style=\"float:right;\"><a href=\"http://www.fupa.com/embed/?g=kids-games-what-do-they-eat\"><img src=\"http://cdn.fupa.com/images/fb_embed.png\" border=0></a></div><div style=\"float:right;\"><a href=\"http://www.fupa.com/nextgame.aspx?g=kids-games-what-do-they-eat\"><img src=\"http://cdn.fupa.com/images/fb_next.png\" border=0></a></div></td></tr></table>", 
            "ageGroup": 1
        }
    }, 
    {
        "pk": 7, 
        "model": "letsplay.content", 
        "fields": {
            "category": [
                11
            ], 
            "name": "King of Shapes", 
            "screenShot": "static/content/thumbnails/KingofShapes.jpg", 
            "sex": "N/A", 
            "content_type": "Game", 
            "audio": "static/content/sounds/kingshapes.wav", 
            "embedCode": "<object width=\"640\" height=\"480\"><param name=\"movie\" value=\"http://www.fupa.com/swf/King-of-Shapes/kingofshapes.swf\"></param><embed src=\"http://www.fupa.com/swf/King-of-Shapes/kingofshapes.swf\" type=\"application/x-shockwave-flash\" width=\"640\" height=\"480\"></embed></object><br/>Find more <a href=\"http://www.fupa.com/\">free online flash games</a> at Fupa.com", 
            "ageGroup": 2
        }
    }, 
    {
        "pk": 8, 
        "model": "letsplay.content", 
        "fields": {
            "category": [
                3
            ], 
            "name": "Colour the Parrot", 
            "screenShot": "static/content/thumbnails/ColourParrot.png", 
            "sex": "N/A", 
            "content_type": "Game", 
            "audio": "static/content/sounds/colourparrot.wav", 
            "embedCode": "<object width=\"500\" height=\"400\"><param name=\"movie\" value=\"http://www.fupa.com/swf/parrot-game/papagal.swf\"></param><embed src=\"http://www.fupa.com/swf/parrot-game/papagal.swf\" type=\"application/x-shockwave-flash\" width=\"500\" height=\"400\"></embed></object><br/>Find more <a href=\"http://www.fupa.com/\">free online flash games</a> at Fupa.com", 
            "ageGroup": 1
        }
    }, 
    {
        "pk": 9, 
        "model": "letsplay.content", 
        "fields": {
            "category": [
                8
            ], 
            "name": "Crazy Taxi", 
            "screenShot": "static/content/thumbnails/CrazyTaxi.gif", 
            "sex": "Male", 
            "content_type": "Game", 
            "audio": "static/content/sounds/crazytaxi.wav", 
            "embedCode": "<object width=\"600\" height=\"400\"><param name=\"movie\" value=\"http://www.fupa.com/swf/crazy-taxi/crazytaxi.swf\"></param><embed src=\"http://www.fupa.com/swf/crazy-taxi/crazytaxi.swf\" type=\"application/x-shockwave-flash\" width=\"600\" height=\"400\"></embed></object><br/>Find more <a href=\"http://www.fupa.com/\">free online flash games</a> at Fupa.com", 
            "ageGroup": 4
        }
    }, 
    {
        "pk": 10, 
        "model": "letsplay.content", 
        "fields": {
            "category": [
                12
            ], 
            "name": "Football Game", 
            "screenShot": "static/content/thumbnails/FootballGame.jpg", 
            "sex": "Male", 
            "content_type": "Game", 
            "audio": "static/content/sounds/footballgame.wav", 
            "embedCode": "<object width=\"640\" height=\"480\"><param name=\"movie\" value=\"http://www.fupa.com/swf/Goal_-South-Africa/goalsouthafrica.swf\"></param><embed src=\"http://www.fupa.com/swf/Goal_-South-Africa/goalsouthafrica.swf\" type=\"application/x-shockwave-flash\" width=\"640\" height=\"480\"></embed></object><br/>Find more <a href=\"http://www.fupa.com/\">free online flash games</a> at Fupa.com", 
            "ageGroup": 4
        }
    }, 
    {
        "pk": 11, 
        "model": "letsplay.content", 
        "fields": {
            "category": [
                3, 
                6
            ], 
            "name": "Colour Barbie", 
            "screenShot": "static/content/thumbnails/Barbie_1.jpg", 
            "sex": "Female", 
            "content_type": "Game", 
            "audio": "static/content/sounds/colourbarbie.wav", 
            "embedCode": "<object width=\"500\" height=\"750\"><param name=\"movie\" value=\"http://www.fupa.com/swf/barbie-coloring-book/Barbie_Coloring.swf\"></param><embed src=\"http://www.fupa.com/swf/barbie-coloring-book/Barbie_Coloring.swf\" type=\"application/x-shockwave-flash\" width=\"500\" height=\"750\"></embed></object><br/>Find more <a href=\"http://www.fupa.com/\">free online flash games</a> at Fupa.com", 
            "ageGroup": 3
        }
    }, 
    {
        "pk": 12, 
        "model": "letsplay.content", 
        "fields": {
            "category": [
                1
            ], 
            "name": "Animal Shelter", 
            "screenShot": "static/content/thumbnails/AnimalShelter.jpg", 
            "sex": "N/A", 
            "content_type": "Game", 
            "audio": "static/content/sounds/animalshelter.wav", 
            "embedCode": "<object width=\"700\" height=\"550\"><param name=\"movie\" value=\"http://www.fupa.com/swf/Animal-Shelter/animalshelter.swf\"></param><embed src=\"http://www.fupa.com/swf/Animal-Shelter/animalshelter.swf\" type=\"application/x-shockwave-flash\" width=\"700\" height=\"550\"></embed></object><br/>Find more <a href=\"http://www.fupa.com/\">free online flash games</a> at Fupa.com", 
            "ageGroup": 4
        }
    }, 
    {
        "pk": 13, 
        "model": "letsplay.content", 
        "fields": {
            "category": [
                11
            ], 
            "name": "Count Strawberries", 
            "screenShot": "static/content/thumbnails/Strawberries.jpg", 
            "sex": "Female", 
            "content_type": "Game", 
            "audio": "static/content/sounds/strawberries.wav", 
            "embedCode": "<object width=\"550\" height=\"400\"><param name=\"movie\" value=\"http://www.fupa.com/swf/collect-the-strawberries_-part-1_/klu?_plus_550x400.swf\"></param><embed src=\"http://www.fupa.com/swf/collect-the-strawberries_-part-1_/klu?_plus_550x400.swf\" type=\"application/x-shockwave-flash\" width=\"550\" height=\"400\"></embed></object><br/>Find more <a href=\"http://www.fupa.com/\">free online flash games</a> at Fupa.com", 
            "ageGroup": 2
        }
    }, 
    {
        "pk": 14, 
        "model": "letsplay.content", 
        "fields": {
            "category": [
                8
            ], 
            "name": "TruckMania", 
            "screenShot": "static/content/thumbnails/TruckMania.jpg", 
            "sex": "Male", 
            "content_type": "Game", 
            "audio": "static/content/sounds/truckmania.wav", 
            "embedCode": "<object width=\"640\" height=\"480\"><param name=\"movie\" value=\"http://www.fupa.com/swf/Truck-Mania/truckmania.playhub.com.swf\"></param><embed src=\"http://www.fupa.com/swf/Truck-Mania/truckmania.playhub.com.swf\" type=\"application/x-shockwave-flash\" width=\"640\" height=\"480\"></embed></object><br/>Find more <a href=\"http://www.fupa.com/\">free online flash games</a> at Fupa.com", 
            "ageGroup": 3
        }
    }, 
    {
        "pk": 15, 
        "model": "letsplay.content", 
        "fields": {
            "category": [
                1, 
                12
            ], 
            "name": "Animal Sports", 
            "screenShot": "static/content/thumbnails/AnimalSports.jpg", 
            "sex": "No preference", 
            "content_type": "Game", 
            "audio": "static/content/sounds/animalsports.wav", 
            "embedCode": "<object width=\"550\" height=\"400\"><param name=\"movie\" value=\"http://www.fupa.com/swf/chicken-chuck/chicken_chuck.swf\"></param><embed src=\"http://www.fupa.com/swf/chicken-chuck/chicken_chuck.swf\" type=\"application/x-shockwave-flash\" width=\"550\" height=\"400\"></embed></object><br/>Find more <a href=\"http://www.fupa.com/\">free online flash games</a> at Fupa.com", 
            "ageGroup": 4
        }
    }, 
    {
        "pk": 16, 
        "model": "letsplay.content", 
        "fields": {
            "category": [
                8
            ], 
            "name": "Monster Truck", 
            "screenShot": "static/content/thumbnails/monster_trucks.jpg", 
            "sex": "Male", 
            "content_type": "Game", 
            "audio": "static/content/sounds/monstertruck.wav", 
            "embedCode": "<object width=\"700\" height=\"525\"><param name=\"movie\" value=\"http://www8.agame.com/games/flash/m/monster_truck_vs_forest/monster_truck_vs_forest.swf\"></param><embed src=\"http://www8.agame.com/games/flash/m/monster_truck_vs_forest/monster_truck_vs_forest.swf\" type=\"application/x-shockwave-flash\" width=\"700\" height=\"525\"></embed></object>", 
            "ageGroup": 3
        }
    }, 
    {
        "pk": 17, 
        "model": "letsplay.content", 
        "fields": {
            "category": [
                9
            ], 
            "name": "Gold Ahoy", 
            "screenShot": "static/content/thumbnails/goldAhoy.jpg", 
            "sex": "Male", 
            "content_type": "Game", 
            "audio": "static/content/sounds/goldahoy.wav", 
            "embedCode": "<object width=\"700\" height=\"525\"><param name=\"movie\" value=\"http://www8.agame.com/mirror/flash/g/Gold_Ahoy_SPIL.swf\"></param><embed src=\"http://www8.agame.com/mirror/flash/g/Gold_Ahoy_SPIL.swf\" type=\"application/x-shockwave-flash\" width=\"700\" height=\"525\"></embed></object>", 
            "ageGroup": 3
        }
    }, 
    {
        "pk": 18, 
        "model": "letsplay.content", 
        "fields": {
            "category": [
                7
            ], 
            "name": "Princess Dress Up", 
            "screenShot": "static/content/thumbnails/153714.gif", 
            "sex": "Female", 
            "content_type": "Game", 
            "audio": "static/content/sounds/fairydressup.wav", 
            "embedCode": "<object width=\"700\" height=\"525\"><param name=\"movie\" value=\"http://www8.agame.com/mirror/flash/f/Fairy%20Princess%20Dress%20Up.swf\"></param><embed src=\"http://www8.agame.com/mirror/flash/f/Fairy%20Princess%20Dress%20Up.swf\" type=\"application/x-shockwave-flash\" width=\"700\" height=\"525\"></embed></object>", 
            "ageGroup": 2
        }
    }, 
    {
        "pk": 19, 
        "model": "letsplay.content", 
        "fields": {
            "category": [
                7
            ], 
            "name": "One Direction", 
            "screenShot": "static/content/thumbnails/oneDirection.gif", 
            "sex": "Female", 
            "content_type": "Game", 
            "audio": "static/content/sounds/onedirection.wav", 
            "embedCode": "<object width=\"700\" height=\"525\"><param name=\"movie\" value=\"http://www8.agame.com/mirror/flash/o/One_Direction_In_Concert_Makeover.swf\"></param><embed src=\"http://www8.agame.com/mirror/flash/o/One_Direction_In_Concert_Makeover.swf\" type=\"application/x-shockwave-flash\" width=\"700\" height=\"525\"></embed></object>", 
            "ageGroup": 4
        }
    }, 
    {
        "pk": 20, 
        "model": "letsplay.content", 
        "fields": {
            "category": [
                10
            ], 
            "name": "Pet monster", 
            "screenShot": "static/content/thumbnails/petMonsterCreator.jpg", 
            "sex": "No preference", 
            "content_type": "Game", 
            "audio": "static/content/sounds/petmonster.wav", 
            "embedCode": "<object width=\"700\" height=\"525\"><param name=\"movie\" value=\"http://www8.agame.com/mirror/flash/c/CreatureMaker/pmc-5dinosaurs_Spill_CS3.swf\"></param><embed src=\"http://www8.agame.com/mirror/flash/c/CreatureMaker/pmc-5dinosaurs_Spill_CS3.swf\" type=\"application/x-shockwave-flash\" width=\"700\" height=\"525\"></embed></object>", 
            "ageGroup": 4
        }
    }, 
    {
        "pk": 21, 
        "model": "letsplay.content", 
        "fields": {
            "category": [
                1
            ], 
            "name": "Animal Adoption", 
            "screenShot": "static/content/thumbnails/AnimalAdoptionCentre.jpg", 
            "sex": "No preference", 
            "content_type": "Game", 
            "audio": "static/content/sounds/animaladoption.wav", 
            "embedCode": "<object width=\"700\" height=\"525\"><param name=\"movie\" value=\"http://www8.agame.com/mirror/flash/a/Animal_adoption_center/Animal_Adoption_Center.swf\"></param><embed src=\"http://www8.agame.com/mirror/flash/a/Animal_adoption_center/Animal_Adoption_Center.swf\" type=\"application/x-shockwave-flash\" width=\"700\" height=\"525\"></embed></object>", 
            "ageGroup": 4
        }
    }, 
    {
        "pk": 22, 
        "model": "letsplay.content", 
        "fields": {
            "category": [
                1, 
                4
            ], 
            "name": "Three Little Pigs", 
            "screenShot": "static/content/thumbnails/Three_little_pigs.jpg", 
            "sex": "N/A", 
            "content_type": "Video", 
            "audio": "static/content/sounds/threepigs.wav", 
            "embedCode": "<iframe width=\"560\" height=\"315\" src=\"http://www.youtube-nocookie.com/embed/G5hI9U19-m0?list=PLEDC8E943487BB3B7\" frameborder=\"0\" allowfullscreen></iframe>", 
            "ageGroup": 2
        }
    }, 
    {
        "pk": 23, 
        "model": "letsplay.content", 
        "fields": {
            "category": [
                1, 
                4
            ], 
            "name": "Billy Goats Gruff", 
            "screenShot": "static/content/thumbnails/billy_goats_gruff.jpg", 
            "sex": "No preference", 
            "content_type": "Video", 
            "audio": "static/content/sounds/threebillygoats.wav", 
            "embedCode": "<iframe width=\"560\" height=\"315\" src=\"http://www.youtube.com/embed/NQ-eZ9I23Z4\" frameborder=\"0\" allowfullscreen></iframe>", 
            "ageGroup": 3
        }
    }, 
    {
        "pk": 24, 
        "model": "letsplay.content", 
        "fields": {
            "category": [
                1, 
                5
            ], 
            "name": "Old MacDonald", 
            "screenShot": "static/content/thumbnails/old_ac.jpg", 
            "sex": "No preference", 
            "content_type": "Video", 
            "audio": "static/content/sounds/oldmacdonald.wav", 
            "embedCode": "<iframe width=\"560\" height=\"315\" src=\"http://www.youtube.com/embed/hDt_MhIKpLM\" frameborder=\"0\" allowfullscreen></iframe>", 
            "ageGroup": 2
        }
    }, 
    {
        "pk": 25, 
        "model": "letsplay.content", 
        "fields": {
            "category": [
                5
            ], 
            "name": "Twinkle Twinkle", 
            "screenShot": "static/content/thumbnails/twinkleTwinkle.jpg", 
            "sex": "No preference", 
            "content_type": "Video", 
            "audio": "static/content/sounds/twinkletwinkle.wav", 
            "embedCode": "<iframe width=\"560\" height=\"315\" src=\"http://www.youtube.com/embed/wLN0og245YI\" frameborder=\"0\" allowfullscreen></iframe>", 
            "ageGroup": 1
        }
    }, 
    {
        "pk": 5, 
        "model": "letsplay.background", 
        "fields": {
            "name": "Birds", 
            "screenShot": "static/backgrounds/Bird-wallpaper.jpg"
        }
    }, 
    {
        "pk": 6, 
        "model": "letsplay.background", 
        "fields": {
            "name": "Paws", 
            "screenShot": "static/backgrounds/paws.gif"
        }
    }, 
    {
        "pk": 7, 
        "model": "letsplay.background", 
        "fields": {
            "name": "Bunnies", 
            "screenShot": "static/backgrounds/bunnies.gif"
        }
    }, 
    {
        "pk": 8, 
        "model": "letsplay.background", 
        "fields": {
            "name": "TeddyBears", 
            "screenShot": "static/backgrounds/teddies.gif"
        }
    }, 
    {
        "pk": 9, 
        "model": "letsplay.background", 
        "fields": {
            "name": "Motorbike", 
            "screenShot": "static/backgrounds/motorbike.gif"
        }
    }, 
    {
        "pk": 10, 
        "model": "letsplay.background", 
        "fields": {
            "name": "Music", 
            "screenShot": "static/backgrounds/music.gif"
        }
    }, 
    {
        "pk": 2, 
        "model": "letsplay.avatar", 
        "fields": {
            "name": "Cat", 
            "screenShot": "static/avatar/thumbnails/catAvatar.jpg", 
            "embedCode": "<img style=\"visibility:hidden;width:0px;height:0px;\" border=0 width=0 height=0 src=\"http://c.gigcount.com/wildfire/IMP/CXNID=2000002.0NXC/bT*xJmx*PTEzNjIzMjA3NTMzNzQmcHQ9MTM2MjMyMDc1NjU2NyZwPTk3NTA3MiZkPTAwMCUyMC*lMjBWb2tpJTIwV2lkZ2V*Jmc9/MSZvPWNiZDIzZGQxNjk*MTRiMjBiNzE3ZjIxYzk1NTRiMzU*Jm9mPTA=.gif\" /><object height=\"133\" width=\"100\" classid=\"clsid:D27CDB6E-AE6D-11cf-96B8-444553540000\"codebase=\"http://download.macromedia.com/pub/shockwave/cabs/flash/swflash.cab#version=9,0,28,0\" id=\"widget_name\"><param name=\"movie\" value=\"http://vhss-d.oddcast.com/vhss_editors/voki_player.swf?doc=http://vhss-d.oddcast.com/php/vhss_editors/getvoki/chsm=a46be6f6c68a473e0c67c2c030425a02%26sc=7561125\" /><param name=\"quality\" value=\"high\" /><param name=\"allowScriptAccess\" value=\"always\" /><param name=\"width\" value=\"100\" /><param name=\"height\" value=\"133\" /><param name=\"allowNetworking\" value=\"all\"/><param name=\"wmode\" value=\"transparent\" /><param name=\"allowFullScreen\" value=\"true\" /><embed height=\"133\" width=\"100\" src=\"http://vhss-d.oddcast.com/vhss_editors/voki_player.swf?doc=http%3A%2F%2Fvhss-d.oddcast.com%2Fphp%2Fvhss_editors%2Fgetvoki%2Fchsm=a46be6f6c68a473e0c67c2c030425a02%26sc=7561125\" quality=\"high\" allowScriptAccess=\"always\" allowNetworking=\"all\" wmode=\"transparent\" allowFullScreen=\"true\" pluginspage=\"http://www.adobe.com/shockwave/download/download.cgi?P1_Prod_Version=ShockwaveFlash\" type=\"application/x-shockwave-flash\" name=\"widget_name\"></object>"
        }
    }, 
    {
        "pk": 3, 
        "model": "letsplay.avatar", 
        "fields": {
            "name": "Friendly Monster", 
            "screenShot": "static/avatar/thumbnails/friendlymonster.jpg", 
            "embedCode": "<img style=\"visibility:hidden;width:0px;height:0px;\" border=0 width=0 height=0 src=\"http://c.gigcount.com/wildfire/IMP/CXNID=2000002.0NXC/bT*xJmx*PTEzNjIzMjA4ODc4MDImcHQ9MTM2MjMyMDg5MTQ*NSZwPTk3NTA3MiZkPTAwMCUyMC*lMjBWb2tpJTIwV2lkZ2V*Jmc9/MSZvPWNiZDIzZGQxNjk*MTRiMjBiNzE3ZjIxYzk1NTRiMzU*Jm9mPTA=.gif\" /><object height=\"133\" width=\"100\" classid=\"clsid:D27CDB6E-AE6D-11cf-96B8-444553540000\"codebase=\"http://download.macromedia.com/pub/shockwave/cabs/flash/swflash.cab#version=9,0,28,0\" id=\"widget_name\"><param name=\"movie\" value=\"http://vhss-d.oddcast.com/vhss_editors/voki_player.swf?doc=http://vhss-d.oddcast.com/php/vhss_editors/getvoki/chsm=b47bd9ce48d19367a02655796cf18b46%26sc=7561105\" /><param name=\"quality\" value=\"high\" /><param name=\"allowScriptAccess\" value=\"always\" /><param name=\"width\" value=\"100\" /><param name=\"height\" value=\"133\" /><param name=\"allowNetworking\" value=\"all\"/><param name=\"wmode\" value=\"transparent\" /><param name=\"allowFullScreen\" value=\"true\" /><embed height=\"133\" width=\"100\" src=\"http://vhss-d.oddcast.com/vhss_editors/voki_player.swf?doc=http%3A%2F%2Fvhss-d.oddcast.com%2Fphp%2Fvhss_editors%2Fgetvoki%2Fchsm=b47bd9ce48d19367a02655796cf18b46%26sc=7561105\" quality=\"high\" allowScriptAccess=\"always\" allowNetworking=\"all\" wmode=\"transparent\" allowFullScreen=\"true\" pluginspage=\"http://www.adobe.com/shockwave/download/download.cgi?P1_Prod_Version=ShockwaveFlash\" type=\"application/x-shockwave-flash\" name=\"widget_name\"></object>"
        }
    }, 
    {
        "pk": 4, 
        "model": "letsplay.avatar", 
        "fields": {
            "name": "Dog", 
            "screenShot": "static/avatar/thumbnails/dog.jpg", 
            "embedCode": "<img style=\"visibility:hidden;width:0px;height:0px;\" border=0 width=0 height=0 src=\"http://c.gigcount.com/wildfire/IMP/CXNID=2000002.0NXC/bT*xJmx*PTEzNjIzMjE1NDU*NDMmcHQ9MTM2MjMyMTU1Mjc4OCZwPTk3NTA3MiZkPTAwMCUyMC*lMjBWb2tpJTIwV2lkZ2V*Jmc9/MSZvPWNiZDIzZGQxNjk*MTRiMjBiNzE3ZjIxYzk1NTRiMzU*Jm9mPTA=.gif\" /><object height=\"133\" width=\"100\" classid=\"clsid:D27CDB6E-AE6D-11cf-96B8-444553540000\"codebase=\"http://download.macromedia.com/pub/shockwave/cabs/flash/swflash.cab#version=9,0,28,0\" id=\"widget_name\"><param name=\"movie\" value=\"http://vhss-d.oddcast.com/vhss_editors/voki_player.swf?doc=http://vhss-d.oddcast.com/php/vhss_editors/getvoki/chsm=2a211a68681adc23dd3e9b5a4d3a49da%26sc=7660344\" /><param name=\"quality\" value=\"high\" /><param name=\"allowScriptAccess\" value=\"always\" /><param name=\"width\" value=\"100\" /><param name=\"height\" value=\"133\" /><param name=\"allowNetworking\" value=\"all\"/><param name=\"wmode\" value=\"transparent\" /><param name=\"allowFullScreen\" value=\"true\" /><embed height=\"133\" width=\"100\" src=\"http://vhss-d.oddcast.com/vhss_editors/voki_player.swf?doc=http%3A%2F%2Fvhss-d.oddcast.com%2Fphp%2Fvhss_editors%2Fgetvoki%2Fchsm=2a211a68681adc23dd3e9b5a4d3a49da%26sc=7660344\" quality=\"high\" allowScriptAccess=\"always\" allowNetworking=\"all\" wmode=\"transparent\" allowFullScreen=\"true\" pluginspage=\"http://www.adobe.com/shockwave/download/download.cgi?P1_Prod_Version=ShockwaveFlash\" type=\"application/x-shockwave-flash\" name=\"widget_name\"></object>"
        }
    }, 
    {
        "pk": 5, 
        "model": "letsplay.avatar", 
        "fields": {
            "name": "Boy Cat", 
            "screenShot": "static/avatar/thumbnails/boy_Cat.jpg", 
            "embedCode": "<img style=\"visibility:hidden;width:0px;height:0px;\" border=0 width=0 height=0 src=\"http://c.gigcount.com/wildfire/IMP/CXNID=2000002.0NXC/bT*xJmx*PTEzNjIzMjIxNzQ5ODMmcHQ9MTM2MjMyMjE3OTAwMyZwPTk3NTA3MiZkPTAwMCUyMC*lMjBWb2tpJTIwV2lkZ2V*Jmc9/MSZvPWNiZDIzZGQxNjk*MTRiMjBiNzE3ZjIxYzk1NTRiMzU*Jm9mPTA=.gif\" /><object height=\"133\" width=\"100\" classid=\"clsid:D27CDB6E-AE6D-11cf-96B8-444553540000\"codebase=\"http://download.macromedia.com/pub/shockwave/cabs/flash/swflash.cab#version=9,0,28,0\" id=\"widget_name\"><param name=\"movie\" value=\"http://vhss-d.oddcast.com/vhss_editors/voki_player.swf?doc=http://vhss-d.oddcast.com/php/vhss_editors/getvoki/chsm=d2a8f0ffa1c757ac39208349521bbb3e%26sc=7660368\" /><param name=\"quality\" value=\"high\" /><param name=\"allowScriptAccess\" value=\"always\" /><param name=\"width\" value=\"100\" /><param name=\"height\" value=\"133\" /><param name=\"allowNetworking\" value=\"all\"/><param name=\"wmode\" value=\"transparent\" /><param name=\"allowFullScreen\" value=\"true\" /><embed height=\"133\" width=\"100\" src=\"http://vhss-d.oddcast.com/vhss_editors/voki_player.swf?doc=http%3A%2F%2Fvhss-d.oddcast.com%2Fphp%2Fvhss_editors%2Fgetvoki%2Fchsm=d2a8f0ffa1c757ac39208349521bbb3e%26sc=7660368\" quality=\"high\" allowScriptAccess=\"always\" allowNetworking=\"all\" wmode=\"transparent\" allowFullScreen=\"true\" pluginspage=\"http://www.adobe.com/shockwave/download/download.cgi?P1_Prod_Version=ShockwaveFlash\" type=\"application/x-shockwave-flash\" name=\"widget_name\"></object>"
        }
    }, 
    {
        "pk": 6, 
        "model": "letsplay.avatar", 
        "fields": {
            "name": "Girl Cat", 
            "screenShot": "static/avatar/thumbnails/GirlCat_1.jpg", 
            "embedCode": "<img style=\"visibility:hidden;width:0px;height:0px;\" border=0 width=0 height=0 src=\"http://c.gigcount.com/wildfire/IMP/CXNID=2000002.0NXC/bT*xJmx*PTEzNjMxNzQ2OTg*NzAmcHQ9MTM2MzE3NDcwMTI5NSZwPTk3NTA3MiZkPTAwMCUyMC*lMjBWb2tpJTIwV2lkZ2V*Jmc9/MSZvPTQyMDRkZjBiMDUyODQwMjVhYWE5YjczMmU2ODY1OTFlJm9mPTA=.gif\" /><object height=\"133\" width=\"100\" classid=\"clsid:D27CDB6E-AE6D-11cf-96B8-444553540000\"codebase=\"http://download.macromedia.com/pub/shockwave/cabs/flash/swflash.cab#version=9,0,28,0\" id=\"widget_name\"><param name=\"movie\" value=\"http://vhss-d.oddcast.com/vhss_editors/voki_player.swf?doc=http://vhss-d.oddcast.com/php/vhss_editors/getvoki/chsm=1d31f6d83ccde37012f5c0f123122ae6%26sc=7733742\" /><param name=\"quality\" value=\"high\" /><param name=\"allowScriptAccess\" value=\"always\" /><param name=\"width\" value=\"100\" /><param name=\"height\" value=\"133\" /><param name=\"allowNetworking\" value=\"all\"/><param name=\"wmode\" value=\"transparent\" /><param name=\"allowFullScreen\" value=\"true\" /><embed height=\"133\" width=\"100\" src=\"http://vhss-d.oddcast.com/vhss_editors/voki_player.swf?doc=http%3A%2F%2Fvhss-d.oddcast.com%2Fphp%2Fvhss_editors%2Fgetvoki%2Fchsm=1d31f6d83ccde37012f5c0f123122ae6%26sc=7733742\" quality=\"high\" allowScriptAccess=\"always\" allowNetworking=\"all\" wmode=\"transparent\" allowFullScreen=\"true\" pluginspage=\"http://www.adobe.com/shockwave/download/download.cgi?P1_Prod_Version=ShockwaveFlash\" type=\"application/x-shockwave-flash\" name=\"widget_name\"></object>"
        }
    }, 
    {
        "pk": 1, 
        "model": "flatpages.flatpage", 
        "fields": {
            "registration_required": false, 
            "title": "About", 
            "url": "/about/", 
            "template_name": "", 
            "sites": [
                1
            ], 
            "content": "<html>\r\n<body>\r\n<br/>\r\n<p>\r\nLet\u2019s play is a personalised web page designed specifically for children.  A content management system allows the child to watch their favourite videos, play their favourite games, read/listen to their favourite stories, all in one place.  The personalised content is selected parent/child minder and the child is then free to explore all of the specialised features available to them.  As all content is contained within the site, parents can leave their child to explore their page without worry that they will stumble upon inappropriate content.\r\n</p>\r\n<br/>\r\n<p>\r\nGames and videos are updated on a regular basis so there will always be new content to keep children entertained and stimulated.  Look out in the near future for our seasonal content section.\r\n</p>\r\n</body>\r\n</html>", 
            "enable_comments": false
        }
    }
]